2,5/17/2020 6:00:00 PM,2868.25,2872.25,2865.25,2868.75,2867.5328529472,0,0,0,0,0,0,0
3,5/17/2020 7:00:00 PM,2869,2874.5,2867.5,2871.5,2867.59842562576,0,0,0,0,0,0,0
4,5/17/2020 8:00:00 PM,2871.25,2882.75,2870.75,2880.5,2867.81167478897,0,0,0,0,0,0,0
5,5/17/2020 9:00:00 PM,2880.25,2885,2878.75,2879.25,2868.0007380156,0,0,0,0,0,0,0
6,5/17/2020 10:00:00 PM,2879,2881,2876.5,2880.25,2868.20320515584,0,0,0,0,0,0,0
7,5/17/2020 11:00:00 PM,2880.25,2881.5,2874,2874.25,2868.30315217806,0,0,0,0,0,0,0
8,5/18/2020 12:00:00 AM,2874.25,2886,2874.25,2881.75,2868.52541412553,0,0,0,0,0,0,0
9,5/18/2020 1:00:00 AM,2882,2890,2881.75,2889.25,2868.86796926395,0,0,0,0,0,0,0
10,5/18/2020 2:00:00 AM,2889.25,2897,2888.5,2891.75,2869.24618464802,0,0,0,0,0,0,0
11,5/18/2020 3:00:00 AM,2891.75,2893,2884.25,2887.25,2869.54376837284,0,0,0,0,0,0,0
12,5/18/2020 4:00:00 AM,2887.5,2894.75,2886.5,2894.25,2869.95213583775,0,0,0,0,0,0,0
13,5/18/2020 5:00:00 AM,2894.5,2915.5,2890.75,2914,2870.6801997082,0,0,0,0,0,0,0
14,5/18/2020 6:00:00 AM,2914,2933.75,2913.75,2932.75,2871.70614682047,0,0,0,0,0,0,0
15,5/18/2020 7:00:00 AM,2932.75,2938.5,2923.5,2929.25,2872.65728488955,0,0,0,0,0,0,0
16,5/18/2020 8:00:00 AM,2929.25,2943.75,2925.5,2942.25,2873.80757770129,0,0,0,0,0,0,0
17,5/18/2020 9:00:00 AM,2942.25,2952.75,2941.75,2947.5,2875.02563426821,0,0,0,0,0,0,0
18,5/18/2020 10:00:00 AM,2947.25,2949.75,2942.25,2945,2876.18223535469,0,0,0,0,0,0,0
19,5/18/2020 11:00:00 AM,2945.25,2955,2944.5,2953,2877.45195047279,0,0,0,0,0,0,0
20,5/18/2020 12:00:00 PM,2953,2957.75,2951,2953.75,2878.71307525837,0,0,0,0,0,0,0
21,5/18/2020 1:00:00 PM,2954,2964.75,2946.25,2946.25,2879.82938806401,0,0,0,0,0,0,0
22,5/18/2020 2:00:00 PM,2946.25,2949.75,2942.75,2944.5,2880.89832379849,0,0,0,0,0,0,0
23,5/18/2020 4:00:00 PM,2945,2953.75,2940.25,2951.5,2882.06529365306,0,0,0,0,0,0,0
24,5/18/2020 5:00:00 PM,2951.5,2952.25,2945,2951.25,2883.2088425183,0,0,0,0,0,0,0
25,5/18/2020 6:00:00 PM,2951.25,2953.5,2941.5,2947.5,2884.27150627833,0,0,0,0,0,0,0
26,5/18/2020 7:00:00 PM,2947.5,2947.5,2939,2939.5,2885.18437394315,0,0,0,0,0,0,0
27,5/18/2020 8:00:00 PM,2939.75,2945.25,2937.5,2941.5,2886.11521073748,0,0,0,0,0,0,0
28,5/18/2020 9:00:00 PM,2941.5,2942.5,2935,2939.75,2887.00173617984,0,0,0,0,0,0,0
29,5/18/2020 10:00:00 PM,2940,2951,2940,2950,2888.0430297967,0,0,0,0,0,0,0
30,5/18/2020 11:00:00 PM,2949.75,2951,2943,2945.5,2888.99273178353,0,0,0,0,0,0,0
31,5/19/2020 12:00:00 AM,2945.25,2976.25,2943,2972.25,2890.36888497719,0,0,0,0,0,0,0
32,5/19/2020 1:00:00 AM,2972.25,2972.75,2949,2951,2891.37105216765,0,0,0,0,0,0,0
33,5/19/2020 2:00:00 AM,2951,2953.5,2932.25,2943,2892.2244232062,0,0,0,0,0,0,0
34,5/19/2020 3:00:00 AM,2942.75,2944.75,2934.75,2938.5,2892.98930877304,0,0,0,0,0,0,0
35,5/19/2020 4:00:00 AM,2938.5,2940,2930.75,2936,2893.70022928919,0,0,0,0,0,0,0
36,5/19/2020 5:00:00 AM,2936.25,2948,2935.5,2941,2894.48204368111,0,0,0,0,0,0,0
37,5/19/2020 6:00:00 AM,2941,2944.25,2935,2942.5,2895.27572890952,0,0,0,0,0,0,0
38,5/19/2020 7:00:00 AM,2942.25,2944,2931.75,2943,2896.06455983663,0,0,0,0,0,0,0
39,5/19/2020 8:00:00 AM,2943,2955,2938.25,2949.25,2896.94365802115,0,0,0,0,0,0,0
40,5/19/2020 9:00:00 AM,2949.25,2956.5,2946,2950.75,2897.83301904559,0,0,0,0,0,0,0
41,5/19/2020 10:00:00 AM,2951,2953.25,2943.5,2948.5,2898.67048980517,0,0,0,0,0,0,0
42,5/19/2020 11:00:00 AM,2948.75,2953.25,2945.75,2951.75,2899.54783708112,0,0,0,0,0,0,0
43,5/19/2020 12:00:00 PM,2951.5,2958.5,2933.5,2936.5,2900.1586166335,0,0,0,0,0,0,0
44,5/19/2020 1:00:00 PM,2936.75,2954.75,2915.75,2916.25,2900.42458991228,0,0,0,0,0,0,0
45,5/19/2020 2:00:00 PM,2916.5,2920.5,2914.25,2917,2900.69856363274,0,0,0,0,0,0,0
46,5/19/2020 4:00:00 PM,2913.5,2919.25,2908.5,2918.75,2900.99693448179,0,0,0,0,0,0,0
47,5/19/2020 5:00:00 PM,2918.5,2925.5,2918.5,2923.25,2901.36475374655,0,0,0,0,0,0,0
48,5/19/2020 6:00:00 PM,2923,2929.75,2922.75,2928,2901.80500575074,0,0,0,0,0,0,0
49,5/19/2020 7:00:00 PM,2928,2937.5,2928,2937,2902.38674119288,0,0,0,0,0,0,0
50,5/19/2020 8:00:00 PM,2937,2937,2933,2933.75,2902.9051421649,0,0,0,0,0,0,0
51,5/19/2020 9:00:00 PM,2934,2936.75,2929,2935.5,2903.44390014564,0,0,0,0,0,0,0
52,5/19/2020 10:00:00 PM,2935.5,2941.5,2933.5,2937.25,2904.00267865563,0,0,0,0,0,0,0
53,5/19/2020 11:00:00 PM,2937.5,2940.5,2929.25,2931.25,2904.45304760347,0,0,0,0,0,0,0
54,5/20/2020 12:00:00 AM,2931.25,2932.5,2925,2929.25,2904.86291458523,0,0,0,0,0,0,0
55,5/20/2020 1:00:00 AM,2929.5,2939.25,2927.5,2930.75,2905.29080029457,0,0,0,0,0,0,0
56,5/20/2020 2:00:00 AM,2930.75,2948,2930.5,2943.5,2905.92235731449,0,0,0,0,0,0,0
57,5/20/2020 3:00:00 AM,2943.5,2953.75,2941.75,2952.5,2906.69223570599,0,0,0,0,0,0,0
58,5/20/2020 4:00:00 AM,2952.25,2954.25,2948.25,2951,2907.42459544639,0,0,0,0,0,0,0
59,5/20/2020 5:00:00 AM,2951,2953.25,2947,2951.5,2908.15311452992,0,0,0,0,0,0,0
60,5/20/2020 6:00:00 AM,2951.5,2957.25,2949.75,2953,2908.89438536413,0,0,0,0,0,0,0
61,5/20/2020 7:00:00 AM,2952.75,2964.5,2952.25,2962.75,2909.78456081266,0,0,0,0,0,0,0
62,5/20/2020 8:00:00 AM,2962.75,2972.25,2961.5,2968,2910.74679947691,0,0,0,0,0,0,0
63,5/20/2020 9:00:00 AM,2968,2975.75,2966.25,2972.75,2911.77164576655,0,0,0,0,0,0,0
64,5/20/2020 10:00:00 AM,2972.75,2974.25,2957.5,2965.5,2912.65971773735,0,0,0,0,0,0,0
65,5/20/2020 11:00:00 AM,2965.5,2966.75,2956.25,2962,2913.47525959293,0,0,0,0,0,0,0
66,5/20/2020 12:00:00 PM,2962,2971,2955,2967.5,2914.36823050875,0,0,0,0,0,0,0
67,5/20/2020 1:00:00 PM,2967.5,2970,2958.75,2966.25,2915.2257804177,0,0,0,0,0,0,0
68,5/20/2020 2:00:00 PM,2966.25,2973.25,2966,2971.5,2916.15593280749,0,0,0,0,0,0,0
69,5/20/2020 4:00:00 PM,2972.25,2973.5,2966.25,2966.75,2916.99219838092,0,0,0,0,0,0,0
70,5/20/2020 5:00:00 PM,2967,2968,2964,2964.25,2917.77331906884,0,0,0,0,0,0,0
71,5/20/2020 6:00:00 PM,2964,2964.5,2957.5,2963,2918.52086751398,0,0,0,0,0,0,0
72,5/20/2020 7:00:00 PM,2962.75,2963,2951,2951.5,2919.06597714185,0,0,0,0,0,0,0
73,5/20/2020 8:00:00 PM,2951.5,2953.75,2945.75,2951.75,2919.60620892463,0,0,0,0,0,0,0
74,5/20/2020 9:00:00 PM,2952,2953.75,2947.75,2951.25,2920.12924679365,0,0,0,0,0,0,0
75,5/20/2020 10:00:00 PM,2951.5,2956,2948.25,2955,2920.7056228797,0,0,0,0,0,0,0
76,5/20/2020 11:00:00 PM,2955.25,2957.5,2950.25,2951.25,2921.21048861723,0,0,0,0,0,0,0
77,5/21/2020 12:00:00 AM,2951.5,2953.5,2947,2948,2921.65329045826,0,0,0,0,0,0,0
78,5/21/2020 1:00:00 AM,2948.25,2955.5,2942.75,2949.75,2922.11769888044,0,0,0,0,0,0,0
79,5/21/2020 2:00:00 AM,2949.5,2953.5,2941.5,2952,2922.611621213,0,0,0,0,0,0,0
80,5/21/2020 3:00:00 AM,2952,2954.5,2945.25,2946,2922.99820598634,0,0,0,0,0,0,0
81,5/21/2020 4:00:00 AM,2945.75,2953,2943.5,2950.25,2923.4486488626,0,0,0,0,0,0,0
82,5/21/2020 5:00:00 AM,2950,2958.5,2950,2952.75,2923.93296871611,0,0,0,0,0,0,0
83,5/21/2020 6:00:00 AM,2953,2964,2950.75,2960.5,2924.53738245634,0,0,0,0,0,0,0
84,5/21/2020 7:00:00 AM,2960.5,2973,2958.25,2967.5,2925.24750836615,0,0,0,0,0,0,0
85,5/21/2020 8:00:00 AM,2967.5,2970.75,2949.25,2954.5,2925.73102062456,0,0,0,0,0,0,0
86,5/21/2020 9:00:00 AM,2954.5,2954.5,2933,2944.75,2926.04538392002,0,0,0,0,0,0,0
87,5/21/2020 10:00:00 AM,2945,2955.5,2942,2945.75,2926.37108005358,0,0,0,0,0,0,0
88,5/21/2020 11:00:00 AM,2945.75,2954.75,2943.5,2948,2926.72858286261,0,0,0,0,0,0,0
89,5/21/2020 12:00:00 PM,2948,2954.5,2940,2943.25,2927.00166413761,0,0,0,0,0,0,0
90,5/21/2020 1:00:00 PM,2943.25,2952.75,2941,2944,2927.28262836674,0,0,0,0,0,0,0
91,5/21/2020 2:00:00 PM,2944.25,2945.5,2936.25,2936.5,2927.43498161687,0,0,0,0,0,0,0
92,5/21/2020 4:00:00 PM,2936.75,2946.25,2934,2944.5,2927.71704803643,0,0,0,0,0,0,0
93,5/21/2020 5:00:00 PM,2944.25,2950,2944,2949.25,2928.07296459781,0,0,0,0,0,0,0
94,5/21/2020 6:00:00 PM,2949.5,2952.5,2946,2946.75,2928.38167592677,0,0,0,0,0,0,0
95,5/21/2020 7:00:00 PM,2946.5,2949,2933.5,2939,2928.55718541559,0,0,0,0,0,0,0
96,5/21/2020 8:00:00 PM,2939,2939,2923,2925,2928.49838896244,0,0,0,0,0,0,0
97,5/21/2020 9:00:00 PM,2925.25,2927,2915.5,2919.5,2928.34965526058,0,0,0,0,0,0,0
98,5/21/2020 10:00:00 PM,2919.5,2923.5,2916.5,2918,2928.17858657858,0,0,0,0,0,0,0
99,5/21/2020 11:00:00 PM,2918,2918.5,2910.25,2915,2927.96075870125,0,0,0,0,0,0,0
100,5/22/2020 12:00:00 AM,2915,2923.25,2914.25,2915.75,2927.75892797892,0,0,0,0,0,0,0
101,5/22/2020 1:00:00 AM,2915.75,2918,2903.75,2907.25,2927.41993743381,0,0,0,0,0,0,0
102,5/22/2020 2:00:00 AM,2907.5,2922,2907.25,2921.5,2927.3220872283,0,0,0,0,0,0,0
103,5/22/2020 3:00:00 AM,2921.25,2927,2918.75,2919.75,2927.19692876171,0,0,0,0,0,0,0
104,5/22/2020 4:00:00 AM,2919.75,2928.75,2919.5,2926.25,2927.18127704664,0,0,0,0,0,0,0
105,5/22/2020 5:00:00 AM,2926.5,2943,2925.75,2941,2927.4096856905,0,0,0,0,0,0,0
106,5/22/2020 6:00:00 AM,2941,2945.75,2937.25,2940,2927.61779005925,0,0,0,0,0,0,0
107,5/22/2020 7:00:00 AM,2940,2945.5,2930,2938.75,2927.80179352935,0,0,0,0,0,0,0
108,5/22/2020 8:00:00 AM,2938.75,2941.75,2928.25,2930.5,2927.84639198341,0,0,0,0,0,0,0
109,5/22/2020 9:00:00 AM,2930.25,2938,2928.75,2935.75,2927.97703013244,0,0,0,0,0,0,0
110,5/22/2020 10:00:00 AM,2935.75,2943.5,2932.75,2940.5,2928.18402136992,0,0,0,0,0,0,0
111,5/22/2020 11:00:00 AM,2940.25,2944.5,2939,2943.75,2928.4413102729,0,0,0,0,0,0,0
112,5/22/2020 12:00:00 PM,2944,2950.5,2943.25,2946.75,2928.7439332436,0,0,0,0,0,0,0
113,5/22/2020 1:00:00 PM,2946.5,2952.75,2938.75,2950.5,2929.10353765279,0,0,0,0,0,0,0
114,5/22/2020 2:00:00 PM,2950.25,2957.5,2949.75,2956.25,2929.55223950977,0,0,0,0,0,0,0
115,5/24/2020 4:00:00 PM,2948.5,2968.5,2947.5,2965.75,2930.15054960052,0,0,0,0,0,0,0
116,5/24/2020 5:00:00 PM,2965.75,2969.5,2962.25,2967,2930.7596314253,0,0,0,0,0,0,0
117,5/24/2020 6:00:00 PM,2967,2968.5,2961,2962,2931.27600115381,0,0,0,0,0,0,0
118,5/24/2020 7:00:00 PM,2961.75,2963.5,2954.25,2963.5,2931.80862923391,0,0,0,0,0,0,0
119,5/24/2020 8:00:00 PM,2963.5,2965.25,2959,2961,2932.29113123005,0,0,0,0,0,0,0
120,5/24/2020 9:00:00 PM,2960.75,2964.25,2960.5,2962.5,2932.79045137501,0,0,0,0,0,0,0
121,5/24/2020 10:00:00 PM,2962.5,2965.75,2962.25,2963.5,2933.29804722005,0,0,0,0,0,0,0
122,5/24/2020 11:00:00 PM,2963.75,2967.5,2963.25,2965.25,2933.82617867096,0,0,0,0,0,0,0
123,5/25/2020 12:00:00 AM,2965.25,2970,2965.25,2967,2934.37450629623,0,0,0,0,0,0,0
124,5/25/2020 1:00:00 AM,2967.25,2967.5,2959.25,2963,2934.84765495249,0,0,0,0,0,0,0
125,5/25/2020 2:00:00 AM,2963,2983.75,2960,2979.75,2935.58984247394,0,0,0,0,0,0,0
126,5/25/2020 3:00:00 AM,2979.75,2983.75,2978.5,2982.5,2936.3652169785,0,0,0,0,0,0,0
127,5/25/2020 4:00:00 AM,2982.5,2985,2976.5,2984,2937.15256876398,0,0,0,0,0,0,0
128,5/25/2020 5:00:00 AM,2983.75,2984,2979,2980.75,2937.87318746209,0,0,0,0,0,0,0
129,5/25/2020 6:00:00 AM,2981.25,2985.75,2979.5,2984.5,2938.64387857842,0,0,0,0,0,0,0
130,5/25/2020 7:00:00 AM,2984.5,2986.25,2982.75,2985,2939.41009546143,0,0,0,0,0,0,0
131,5/25/2020 8:00:00 AM,2985.25,2988.5,2984.25,2988.25,2940.21736661082,0,0,0,0,0,0,0
132,5/25/2020 9:00:00 AM,2988,2990,2987,2988.5,2941.01542666684,0,0,0,0,0,0,0
133,5/25/2020 10:00:00 AM,2988.5,2990,2987,2989.5,2941.81682457318,0,0,0,0,0,0,0
134,5/25/2020 4:00:00 PM,2989.5,2990,2982.75,2984.75,2942.52646383643,0,0,0,0,0,0,0
135,5/25/2020 5:00:00 PM,2985,2985.25,2981,2982.25,2943.18305121103,-1,1,0,0,0,2989.75,2987
136,5/25/2020 6:00:00 PM,2982.5,2989,2980.75,2986.75,2943.90316606705,10,0,2,0,0,2989.75,2987
137,5/25/2020 7:00:00 PM,2987,2994,2986,2993.75,2944.72708067751,9,1,2,0,0,2989.75,2987
138,5/25/2020 8:00:00 PM,2994,2995.75,2991.5,2992.75,2945.52084793904,8,2,2,0,0,2989.75,2987
139,5/25/2020 9:00:00 PM,2993,3001.75,2992.25,3000.25,2946.42546202269,7,3,2,0,0,2989.75,2987
140,5/25/2020 10:00:00 PM,3000.5,3012.5,2999.5,3005.5,2947.40190066695,6,4,2,0,0,2989.75,2987
141,5/25/2020 11:00:00 PM,3005.5,3008.75,3002.5,3007.25,2948.39112544931,5,5,2,0,0,2989.75,2987
142,5/26/2020 12:00:00 AM,3007.25,3014.25,3005,3010,2949.40945395428,4,6,2,0,0,2989.75,2987
143,5/26/2020 1:00:00 AM,3010,3011.75,3003.25,3005.25,2950.33243818644,3,7,2,0,0,2989.75,2987
144,5/26/2020 2:00:00 AM,3005.25,3011.5,3004.25,3010.75,2951.33107557179,2,8,2,0,0,2989.75,2987
145,5/26/2020 3:00:00 AM,3010.75,3015,3008.5,3009.5,2952.29254539705,1,9,2,0,0,2989.75,2987
146,5/26/2020 4:00:00 AM,3009.75,3012.25,3006.25,3008,2953.21332977065,8,0,5,0,0,3005.5,3007.75
147,5/26/2020 5:00:00 AM,3007.75,3010.25,3004.25,3006.75,2954.09823341081,7,1,5,0,0,3005.5,3007.75
148,5/26/2020 6:00:00 AM,3007,3015,3004,3014.75,2955.10074194947,6,2,5,0,0,3005.5,3007.75
149,5/26/2020 7:00:00 AM,3014.75,3019.75,3003.5,3005.5,2955.93378753709,5,3,5,0,0,3005.5,3007.75
150,5/26/2020 8:00:00 AM,3005.25,3012.5,3000.75,3010.25,2956.83157617284,4,4,5,0,0,3005.5,3007.75
151,5/26/2020 9:00:00 AM,3010,3013,2996,3001,2957.56163276502,3,5,5,0,0,3005.5,3007.75
152,5/26/2020 10:00:00 AM,3001.25,3008,2997.5,3007.25,2958.38292809122,2,6,5,0,0,3005.5,3007.75
153,5/26/2020 11:00:00 AM,3007.5,3012,3005.75,3008.25,2959.20717721368,1,7,5,0,0,3005.5,3007.75
154,5/26/2020 12:00:00 PM,3008.5,3011.5,3004.25,3007.5,2960.00540568949,7,0,2,0,3012.25,3012.25,3007.5
155,5/26/2020 1:00:00 PM,3007.5,3008,2983.5,2988,2960.4681262566,6,1,2,0,3012.25,3012.25,3007.5
156,5/26/2020 2:00:00 PM,2988,2996.25,2987.75,2995,2961.03890102922,5,2,2,0,3012.25,3012.25,3007.5
157,5/26/2020 4:00:00 PM,2994,2994.25,2988.25,2993,2961.56718365684,4,3,2,0,3012.25,3012.25,3007.5
158,5/26/2020 5:00:00 PM,2993,2993.75,2987.75,2990,2962.03714756334,3,4,2,0,3012.25,3012.25,3007.5
159,5/26/2020 6:00:00 PM,2990.25,2994.5,2983.25,2993.75,2962.56132694245,2,5,2,0,3012.25,3012.25,3007.5
160,5/26/2020 7:00:00 PM,2993.75,3004.75,2993.5,3000.25,2963.18428021613,1,6,2,0,3012.25,3012.25,3007.5
161,5/26/2020 8:00:00 PM,3000.5,3008,2995.25,3007,2963.90850698942,13,0,1,0,3012.25,2994.5,3007
162,5/26/2020 9:00:00 PM,3007,3016.75,3006.5,3014.25,2964.74059778298,12,1,1,0,0,2994.5,3007
163,5/26/2020 10:00:00 PM,3014.25,3018.75,3013.25,3014.25,2965.55893500971,11,2,1,0,0,2994.5,3007
164,5/26/2020 11:00:00 PM,3014.25,3016.75,3011.25,3012.5,2966.33482038145,10,3,1,0,0,2994.5,3007
165,5/27/2020 12:00:00 AM,3012.25,3014,3008,3009.25,2967.04416219333,9,4,1,0,0,2994.5,3007
166,5/27/2020 1:00:00 AM,3009.25,3019.75,3004,3016.25,2967.8574818265,8,5,1,0,0,2994.5,3007
167,5/27/2020 2:00:00 AM,3016,3023.75,3013.5,3022.5,2968.76066394507,7,6,1,0,0,2994.5,3007
168,5/27/2020 3:00:00 AM,3022.5,3035,3020.75,3033.25,2969.82660338399,6,7,1,0,0,2994.5,3007
169,5/27/2020 4:00:00 AM,3033,3034.25,3026,3029.5,2970.81294051814,5,8,1,0,0,2994.5,3007
170,5/27/2020 5:00:00 AM,3029.5,3031.75,3023.5,3024.5,2971.70032993106,4,9,1,0,0,2994.5,3007
171,5/27/2020 6:00:00 AM,3024.5,3030.25,3019,3019,2972.48214265948,3,10,1,0,0,2994.5,3007
172,5/27/2020 7:00:00 AM,3019.25,3024.75,2992.5,2995.5,2972.86260311139,2,11,1,0,0,2994.5,3007
173,5/27/2020 8:00:00 AM,2995.75,3003,2965.5,2977,2972.93098983682,1,12,1,0,0,2994.5,3007
174,5/27/2020 9:00:00 AM,2977,2993,2971,2992,2973.24618008745,16,0,4,0,2993.75,2993.75,2992
175,5/27/2020 10:00:00 AM,2992,3001.75,2989.5,2998.25,2973.659466367,15,1,4,0,2993.75,2993.75,2992
176,5/27/2020 11:00:00 AM,2998.25,3001.5,2991.25,3000,2974.0948470882,14,2,4,0,2993.75,2993.75,2992
177,5/27/2020 12:00:00 PM,3000.25,3014.5,3000,3014,2974.75443639253,13,3,4,0,2993.75,2993.75,2992
178,5/27/2020 1:00:00 PM,3013.75,3032,3010.25,3031.25,2975.68824736125,12,4,4,0,2993.75,2993.75,2992
179,5/27/2020 2:00:00 PM,3031.5,3039.5,3027.75,3037,2976.70166476024,11,5,4,0,2993.75,2993.75,2992
180,5/27/2020 4:00:00 PM,3035,3039.5,3030.75,3037.5,2977.70659592122,10,6,4,0,2993.75,2993.75,2992
181,5/27/2020 5:00:00 PM,3037.5,3042.75,3033.75,3042.5,2978.7775612779,9,7,4,0,2993.75,2993.75,2992
182,5/27/2020 6:00:00 PM,3042.25,3051.5,3039.25,3047.75,2979.91760158735,8,8,4,0,2993.75,2993.75,2992
183,5/27/2020 7:00:00 PM,3047.5,3053.75,3042.5,3049.5,2981.06772387517,7,9,4,0,2993.75,2993.75,2992
184,5/27/2020 8:00:00 PM,3049.75,3053,3043.25,3043.5,2982.09966232351,6,10,4,0,2993.75,2993.75,2992
185,5/27/2020 9:00:00 PM,3043.75,3045.75,3032,3033.75,2982.95338691321,5,11,4,0,2993.75,2993.75,2992
186,5/27/2020 10:00:00 PM,3033.75,3040.5,3028.25,3037,2983.84671936092,4,12,4,0,2993.75,2993.75,2992
187,5/27/2020 11:00:00 PM,3037,3048,3032.5,3047.5,2984.89883970206,3,13,4,0,2993.75,2993.75,2992
188,5/28/2020 12:00:00 AM,3047.75,3052,3039.5,3040.25,2985.8137349136,2,14,4,0,2993.75,2993.75,2992
189,5/28/2020 1:00:00 AM,3040.25,3048,3031.25,3044.25,2986.77962359271,1,15,4,0,2993.75,2993.75,2992
190,5/28/2020 2:00:00 AM,3044.25,3047.5,3034,3037.75,2987.62210915317,5,0,1,0,2993.75,3033.25,3037.5
191,5/28/2020 3:00:00 AM,3037.5,3045.25,3028,3031.5,2988.34736354733,4,1,1,0,0,3033.25,3037.5
192,5/28/2020 4:00:00 AM,3031.25,3041,3030,3039.25,2989.18872943911,3,2,1,0,0,3033.25,3037.5
193,5/28/2020 5:00:00 AM,3039,3045.75,3034.75,3040.75,2990.04098184507,2,3,1,0,0,3033.25,3037.5
194,5/28/2020 6:00:00 AM,3040.75,3045.75,3035,3043.5,2990.92460197987,1,4,1,0,0,3033.25,3037.5
195,5/28/2020 7:00:00 AM,3043.5,3049,3030,3038.5,2991.71097219507,9,0,2,0,3049.75,3049.75,3038.5
196,5/28/2020 8:00:00 AM,3038.5,3049,3033.5,3048,2992.64136934887,8,1,2,0,3049.75,3049.75,3038.5
197,5/28/2020 9:00:00 AM,3047.75,3052.5,3041.75,3052.5,2993.63076820261,7,2,2,0,3049.75,3049.75,3038.5
198,5/28/2020 10:00:00 AM,3052.5,3061.25,3048.75,3059.75,2994.72364806703,6,3,2,0,3049.75,3049.75,3038.5
199,5/28/2020 11:00:00 AM,3059.5,3065.5,3059.25,3061.75,2995.8315216527,5,4,2,0,3049.75,3049.75,3038.5
200,5/28/2020 12:00:00 PM,3061.5,3063.5,3051.5,3056.5,2996.83430641877,4,5,2,0,3049.75,3049.75,3038.5
201,5/28/2020 1:00:00 PM,3056.75,3061.5,3019.5,3026.5,2997.32464846144,3,6,2,0,3049.75,3049.75,3038.5
202,5/28/2020 2:00:00 PM,3026.75,3039.25,3026.5,3037.25,2997.98457162736,2,7,2,0,3049.75,3049.75,3038.5
203,5/28/2020 4:00:00 PM,3036,3039,3029.5,3033,2998.56333903848,1,8,2,0,3049.75,3049.75,3038.5
204,5/28/2020 5:00:00 PM,3033.25,3036.75,3024.25,3025.25,2999.00444087256,47,0,1,0,3049.75,3023.5,3025.25
205,5/28/2020 6:00:00 PM,3025.25,3029.5,3012.75,3015.5,2999.27709474243,46,1,1,0,0,3023.5,3025.25
206,5/28/2020 7:00:00 PM,3015.5,3027.75,3011.25,3026.25,2999.72292788719,45,2,1,0,0,3023.5,3025.25
207,5/28/2020 8:00:00 PM,3026.25,3033.75,3022.25,3031.75,3000.25230097996,44,3,1,0,0,3023.5,3025.25
208,5/28/2020 9:00:00 PM,3031.5,3032.5,3024.25,3026.75,3000.69027947616,43,4,1,0,0,3023.5,3025.25
209,5/28/2020 10:00:00 PM,3026.75,3032,3020.5,3031.75,3001.20366328647,42,5,1,0,0,3023.5,3025.25
210,5/28/2020 11:00:00 PM,3031.75,3035.25,3028.25,3028.25,3001.6507101743,41,6,1,0,0,3023.5,3025.25
211,5/29/2020 12:00:00 AM,3028.75,3034.75,3018.75,3025.25,3002.04078108051,40,7,1,0,0,3023.5,3025.25
212,5/29/2020 1:00:00 AM,3025.5,3032,3015,3018.75,3002.31696651719,39,8,1,0,0,3023.5,3025.25
213,5/29/2020 2:00:00 AM,3019,3022.5,3013.5,3019.75,3002.60511583096,38,9,1,0,0,3023.5,3025.25
214,5/29/2020 3:00:00 AM,3020,3030.5,3017.25,3030,3003.05792383375,37,10,1,0,0,3023.5,3025.25
215,5/29/2020 4:00:00 AM,3030,3033.5,3027.75,3031,3003.51977633237,36,11,1,0,0,3023.5,3025.25
216,5/29/2020 5:00:00 AM,3031.25,3035.25,3028,3031,3003.97399490539,35,12,1,0,0,3023.5,3025.25
217,5/29/2020 6:00:00 AM,3031,3034.5,3021,3023.5,3004.29673879125,34,13,1,0,0,3023.5,3025.25
218,5/29/2020 7:00:00 AM,3023.25,3028.5,3014.75,3019,3004.53976790214,33,14,1,0,0,3023.5,3025.25
219,5/29/2020 8:00:00 AM,3019,3022.75,3003.25,3007,3004.58043289549,32,15,1,0,0,3023.5,3025.25
220,5/29/2020 9:00:00 AM,3007,3017.5,3001.75,3013.75,3004.73199598813,31,16,1,0,0,3023.5,3025.25
221,5/29/2020 10:00:00 AM,3013.75,3019.5,2992,3013.5,3004.87692167428,30,17,1,0,0,3023.5,3025.25
222,5/29/2020 11:00:00 AM,3013.25,3015.5,3004,3008.25,3004.93267503503,29,18,1,0,0,3023.5,3025.25
223,5/29/2020 12:00:00 PM,3008.25,3033.25,2997.5,3032.25,3005.38420106751,28,19,1,0,0,3023.5,3025.25
224,5/29/2020 1:00:00 PM,3032.5,3046.25,3028.25,3038,3005.9233051821,27,20,1,0,0,3023.5,3025.25
225,5/29/2020 2:00:00 PM,3038,3058.25,3036.75,3057.25,3006.77168030305,26,21,1,0,0,3023.5,3025.25
226,5/31/2020 4:00:00 PM,3029.75,3034.75,3008,3020.5,3006.99859467821,25,22,1,0,0,3023.5,3025.25
227,5/31/2020 5:00:00 PM,3020.25,3026.5,3015,3025.5,3007.30440303064,24,23,1,0,0,3023.5,3025.25
228,5/31/2020 6:00:00 PM,3025.25,3041,3023.75,3035.5,3007.77044595575,23,24,1,0,0,3023.5,3025.25
229,5/31/2020 7:00:00 PM,3035.5,3047,3030.25,3044.5,3008.3775460226,22,25,1,0,0,3023.5,3025.25
230,5/31/2020 8:00:00 PM,3044.75,3048,3042.25,3046,3008.99940476603,21,26,1,0,0,3023.5,3025.25
231,5/31/2020 9:00:00 PM,3046.25,3049,3034.75,3035.75,3009.44156336494,20,27,1,0,0,3023.5,3025.25
232,5/31/2020 10:00:00 PM,3035.75,3042.75,3035.5,3041.75,3009.97558711097,19,28,1,0,0,3023.5,3025.25
233,5/31/2020 11:00:00 PM,3041.75,3045.25,3036.25,3041,3010.48838732401,18,29,1,0,0,3023.5,3025.25
234,6/1/2020 12:00:00 AM,3041,3054.75,3038.25,3052.25,3011.1786619137,17,30,1,0,0,3023.5,3025.25
235,6/1/2020 1:00:00 AM,3052.25,3055.25,3049,3049.75,3011.81620469198,16,31,1,0,0,3023.5,3025.25
236,6/1/2020 2:00:00 AM,3049.75,3050.5,3020.5,3035.25,3012.20354015162,15,32,1,0,0,3023.5,3025.25
237,6/1/2020 3:00:00 AM,3035.5,3038,3029.5,3031.25,3012.51835766978,14,33,1,0,0,3023.5,3025.25
238,6/1/2020 4:00:00 AM,3031.5,3040.5,3027.5,3040.25,3012.97673192317,13,34,1,0,0,3023.5,3025.25
239,6/1/2020 5:00:00 AM,3040.5,3047.25,3040,3042,3013.45645536246,12,35,1,0,0,3023.5,3025.25
240,6/1/2020 6:00:00 AM,3042.25,3045.25,3032.25,3035,3013.81254700936,11,36,1,0,0,3023.5,3025.25
241,6/1/2020 7:00:00 AM,3035,3044.25,3027,3038.75,3014.22473631499,10,37,1,0,0,3023.5,3025.25
242,6/1/2020 8:00:00 AM,3038.75,3049.75,3036,3047.5,3014.77474067342,9,38,1,0,0,3023.5,3025.25
243,6/1/2020 9:00:00 AM,3047.5,3048.25,3039.25,3046.75,3015.3032573565,8,39,1,0,0,3023.5,3025.25
244,6/1/2020 10:00:00 AM,3046.5,3053.5,3044,3052,3015.90981508615,7,40,1,0,0,3023.5,3025.25
245,6/1/2020 11:00:00 AM,3052,3059,3051.5,3055.5,3016.56419830786,6,41,1,0,0,3023.5,3025.25
246,6/1/2020 12:00:00 PM,3055.75,3057,3051.5,3056.5,3017.2242942036,5,42,1,0,0,3023.5,3025.25
247,6/1/2020 1:00:00 PM,3056.5,3058,3049.25,3052.5,3017.8073637209,4,43,1,0,0,3023.5,3025.25
248,6/1/2020 2:00:00 PM,3052.75,3055.25,3048.5,3053.5,3018.39732465113,3,44,1,0,0,3023.5,3025.25
249,6/1/2020 4:00:00 PM,3052.75,3054.75,3042,3045.75,3018.84943498747,2,45,1,0,0,3023.5,3025.25
250,6/1/2020 5:00:00 PM,3045.75,3045.75,3035,3038.25,3019.17010548355,1,46,1,0,0,3023.5,3025.25
251,6/1/2020 6:00:00 PM,3038.25,3046,3036.5,3044.25,3019.58464919457,6,0,1,0,0,3035.75,3044.25
252,6/1/2020 7:00:00 PM,3044.25,3045.75,3036.25,3037.5,3019.88077069548,5,1,1,0,0,3035.75,3044.25
253,6/1/2020 8:00:00 PM,3037.75,3040.25,3035,3036.25,3020.15133646911,4,2,1,0,0,3035.75,3044.25
254,6/1/2020 9:00:00 PM,3036.25,3041.5,3036.25,3040.75,3020.49181024648,3,3,1,0,0,3035.75,3044.25
255,6/1/2020 10:00:00 PM,3041,3043,3039,3041.75,3020.84318528373,2,4,1,0,0,3035.75,3044.25
256,6/1/2020 11:00:00 PM,3042,3051,3041.5,3050.75,3021.3375127997,1,5,1,0,0,3035.75,3044.25
257,6/2/2020 12:00:00 AM,3050.5,3051,3045.75,3047.5,3021.76995060466,4,0,2,0,3051.75,3051.75,3047.75
258,6/2/2020 1:00:00 AM,3047.75,3055,3045,3052,3022.2696208426,3,1,2,0,3051.75,3051.75,3047.75
259,6/2/2020 2:00:00 AM,3052,3069.5,3051.75,3066.25,3022.99656925843,2,2,2,0,3051.75,3051.75,3047.75
260,6/2/2020 3:00:00 AM,3066.25,3075.5,3064.75,3073,3023.82307224589,1,3,2,0,3051.75,3051.75,3047.75
261,6/2/2020 4:00:00 AM,3073.25,3075,3070.5,3071,3024.60285617571,5,0,5,0,3051.75,3069.75,3070.75
262,6/2/2020 5:00:00 AM,3070.75,3071,3064.75,3066.5,3025.29537094967,4,1,5,0,0,3069.75,3070.75
263,6/2/2020 6:00:00 AM,3066.5,3069.5,3061.5,3063.75,3025.93098465298,3,2,5,0,0,3069.75,3070.75
264,6/2/2020 7:00:00 AM,3063.75,3064.5,3051.75,3059.5,3026.48584441078,2,3,5,0,0,3069.75,3070.75
265,6/2/2020 8:00:00 AM,3059.25,3069.5,3055,3060.5,3027.04806185854,1,4,5,0,0,3069.75,3070.75
266,6/2/2020 9:00:00 AM,3060.5,3061,3047.75,3055,3027.51007736501,9,0,2,0,3061.75,3061.75,3055.25
267,6/2/2020 10:00:00 AM,3055.25,3062.25,3054,3061,3028.06362980526,8,1,2,0,3061.75,3061.75,3055.25
268,6/2/2020 11:00:00 AM,3060.75,3068,3060.5,3067.25,3028.71133840352,7,2,2,0,3061.75,3061.75,3055.25
269,6/2/2020 12:00:00 PM,3067,3068.5,3058.25,3064.5,3029.30288652908,6,3,2,0,3061.75,3061.75,3055.25
270,6/2/2020 1:00:00 PM,3064.75,3078.25,3057.25,3078,3030.10779749554,5,4,2,0,3061.75,3061.75,3055.25
271,6/2/2020 2:00:00 PM,3077.75,3079,3074,3078,3030.89940414851,4,5,2,0,3061.75,3061.75,3055.25
272,6/2/2020 4:00:00 PM,3078,3079.75,3074.25,3076.25,3031.64900077415,3,6,2,0,3061.75,3061.75,3055.25
273,6/2/2020 5:00:00 PM,3076,3087.5,3075.75,3086,3032.54736439772,2,7,2,0,3061.75,3061.75,3055.25
274,6/2/2020 6:00:00 PM,3086.25,3090.25,3082,3089,3033.48046581263,1,8,2,0,3061.75,3061.75,3055.25
275,6/2/2020 7:00:00 PM,3088.75,3092.25,3083.75,3085,3034.33202836118,8,0,5,0,3061.75,3083,3085.25
276,6/2/2020 8:00:00 PM,3085.25,3086.75,3080.75,3083,3035.13645764447,7,1,5,0,0,3083,3085.25
277,6/2/2020 9:00:00 PM,3083,3088.5,3082.75,3084.5,3035.9523839644,6,2,5,0,0,3083,3085.25
278,6/2/2020 10:00:00 PM,3084.5,3089.25,3084.5,3088,3036.81267513854,5,3,5,0,0,3083,3085.25
279,6/2/2020 11:00:00 PM,3088.25,3090.75,3085,3089.75,3037.68767224369,4,4,5,0,0,3083,3085.25
280,6/3/2020 12:00:00 AM,3089.75,3094.75,3087,3087,3038.50275204131,3,5,5,0,0,3083,3085.25
281,6/3/2020 1:00:00 AM,3087,3091.5,3084.75,3089.75,3039.34981399104,2,6,5,0,0,3083,3085.25
282,6/3/2020 2:00:00 AM,3089.75,3091.25,3084.75,3089.75,3040.18287491681,1,7,5,0,0,3083,3085.25
283,6/3/2020 3:00:00 AM,3089.75,3095.25,3087.75,3093.25,3041.06001748017,5,0,2,0,3096,3096,3093.25
284,6/3/2020 4:00:00 AM,3093.25,3094,3086,3088,3041.83588495984,4,1,2,0,3096,3096,3093.25
285,6/3/2020 5:00:00 AM,3088.25,3093.5,3087,3091.5,3042.65677942331,3,2,2,0,3096,3096,3093.25
286,6/3/2020 6:00:00 AM,3091.5,3098.75,3090,3096,3043.53848554855,2,3,2,0,3096,3096,3093.25
287,6/3/2020 7:00:00 AM,3096,3105.5,3095.25,3102.25,3044.50892380394,1,4,2,0,3096,3096,3093.25
288,6/3/2020 8:00:00 AM,3102.5,3110.5,3101.25,3107,3045.54183415429,6,0,5,0,3096,3100.5,3106.75
289,6/3/2020 9:00:00 AM,3106.75,3117.5,3106.5,3114.25,3046.67750631703,5,1,5,0,0,3100.5,3106.75
290,6/3/2020 10:00:00 AM,3114,3114.5,3109,3109.25,3047.71176241096,4,2,5,0,0,3100.5,3106.75
291,6/3/2020 11:00:00 AM,3109,3113.5,3108.25,3110.5,3048.74958451987,3,3,5,0,0,3100.5,3106.75
292,6/3/2020 12:00:00 PM,3110.5,3120.75,3109.75,3118.25,3049.89835171789,2,4,5,0,0,3100.5,3106.75
293,6/3/2020 1:00:00 PM,3118.25,3129.5,3116,3119.25,3051.04465995396,1,5,5,0,0,3100.5,3106.75
294,6/3/2020 2:00:00 PM,3119.25,3119.25,3115.25,3117.75,3052.14722755803,11,0,2,0,3120,3120,3117.75
295,6/3/2020 4:00:00 PM,3117.75,3118.75,3111.5,3117.25,3053.22330644137,10,1,2,0,3120,3120,3117.75
296,6/3/2020 5:00:00 PM,3117.25,3126.75,3117,3123,3054.37664021919,9,2,2,0,3120,3120,3117.75
297,6/3/2020 6:00:00 PM,3123,3124.5,3112.5,3115.75,3055.39107591805,8,3,2,0,3120,3120,3117.75
298,6/3/2020 7:00:00 PM,3116,3118.75,3111.5,3112.25,3056.33089284503,7,4,2,0,3120,3120,3117.75
299,6/3/2020 8:00:00 PM,3112.25,3112.5,3105.25,3106,3057.15186982279,6,5,2,0,3120,3120,3117.75
300,6/3/2020 9:00:00 PM,3106.25,3111.25,3105.75,3110.25,3058.02952486705,5,6,2,0,3120,3120,3117.75
301,6/3/2020 10:00:00 PM,3110.25,3113,3109.5,3112,3058.92159883619,4,7,2,0,3120,3120,3117.75
302,6/3/2020 11:00:00 PM,3112.25,3114.75,3109.25,3111,3059.78239885542,3,8,2,0,3120,3120,3117.75
303,6/4/2020 12:00:00 AM,3111.25,3114.5,3105.5,3105.5,3060.53806168426,2,9,2,0,3120,3120,3117.75
304,6/4/2020 1:00:00 AM,3105.5,3110.75,3105,3109.25,3061.34321768948,1,10,2,0,3120,3120,3117.75
305,6/4/2020 2:00:00 AM,3109.5,3112.5,3105.75,3106.25,3062.08547855411,5,0,1,0,3120,3105,3106
306,6/4/2020 3:00:00 AM,3106,3107.25,3099.25,3100,3062.71216485901,4,1,1,0,0,3105,3106
307,6/4/2020 4:00:00 AM,3100,3103.5,3099,3103.25,3063.38221172084,3,2,1,0,0,3105,3106
308,6/4/2020 5:00:00 AM,3103.5,3112.75,3100.75,3109.75,3064.14862144446,2,3,1,0,0,3105,3106
309,6/4/2020 6:00:00 AM,3109.5,3111.75,3094.25,3101,3064.7577351396,1,4,1,0,0,3105,3106
310,6/4/2020 7:00:00 AM,3100.75,3119.25,3100,3117.75,3065.6336403439,2,0,2,0,3120,3120,3117.75
311,6/4/2020 8:00:00 AM,3117.75,3126.75,3115.5,3124.5,3066.60663802417,1,1,2,0,3120,3120,3117.75
312,6/4/2020 9:00:00 AM,3124.25,3125.75,3107.5,3112.5,3067.36520599071,2,0,1,0,3120,3106.75,3112.5
313,6/4/2020 10:00:00 AM,3112.5,3114.25,3101.75,3102,3067.93768192475,1,1,1,0,0,3106.75,3112.5
314,6/4/2020 11:00:00 AM,3102,3113.5,3100.75,3111.75,3068.66185247145,7,0,2,0,3114.25,3114.25,3111.75
315,6/4/2020 12:00:00 PM,3111.75,3113.75,3098.25,3098.25,3069.15091276117,6,1,2,0,3114.25,3114.25,3111.75
316,6/4/2020 1:00:00 PM,3098.25,3110.25,3087.5,3110,3069.82610428578,5,2,2,0,3114.25,3114.25,3111.75
317,6/4/2020 2:00:00 PM,3109.75,3116.5,3108.25,3113.75,3070.55211909098,4,3,2,0,3114.25,3114.25,3111.75
318,6/4/2020 4:00:00 PM,3113.25,3117.5,3111.5,3114,3071.27026588286,3,4,2,0,3114.25,3114.25,3111.75
319,6/4/2020 5:00:00 PM,3114,3116,3108.25,3108.75,3071.88976562034,2,5,2,0,3114.25,3114.25,3111.75
320,6/4/2020 6:00:00 PM,3108.5,3116,3106.5,3113.5,3072.57753808942,1,6,2,0,3114.25,3114.25,3111.75
321,6/4/2020 7:00:00 PM,3113.25,3118.75,3111,3115,3073.27873580695,4,0,1,0,3114.25,3110.25,3115
322,6/4/2020 8:00:00 PM,3115,3122.25,3114,3119.5,3074.04272364485,3,1,1,0,0,3110.25,3115
323,6/4/2020 9:00:00 PM,3119.75,3126.5,3119.5,3124.75,3074.88086044411,2,2,1,0,0,3110.25,3115
324,6/4/2020 10:00:00 PM,3124.75,3128.75,3124,3126.5,3075.73406936239,1,3,1,0,0,3110.25,3115
325,6/4/2020 11:00:00 PM,3126.5,3137.75,3124.5,3134.75,3076.70953929029,2,0,2,0,3138.5,3138.5,3135
326,6/5/2020 12:00:00 AM,3135,3137.75,3132.25,3134.75,3077.6688857483,1,1,2,0,3138.5,3138.5,3135
327,6/5/2020 1:00:00 AM,3134.75,3145.5,3132.5,3144.25,3078.76940003345,5,0,5,0,3138.5,3131.75,3144.25
328,6/5/2020 2:00:00 AM,3144.25,3145,3134.25,3138.25,3079.75255044612,4,1,5,0,0,3131.75,3144.25
329,6/5/2020 3:00:00 AM,3138.25,3141.25,3131.25,3136,3080.6822603561,3,2,5,0,0,3131.75,3144.25
330,6/5/2020 4:00:00 AM,3135.75,3136.25,3128.25,3132.75,3081.54288415187,2,3,5,0,0,3131.75,3144.25
331,6/5/2020 5:00:00 AM,3133,3138,3132.5,3136,3082.44300176919,1,4,5,0,0,3131.75,3144.25
332,6/5/2020 6:00:00 AM,3135.75,3164.5,3132,3160.5,3083.73320008706,4,0,2,0,3165.25,3165.25,3160.25
333,6/5/2020 7:00:00 AM,3160.25,3183.75,3158.5,3173.75,3085.22108107736,3,1,2,0,3165.25,3165.25,3160.25
334,6/5/2020 8:00:00 AM,3173.5,3189.25,3172,3189.25,3086.94056734054,2,2,2,0,3165.25,3165.25,3160.25
335,6/5/2020 9:00:00 AM,3189,3210.5,3188,3200.75,3088.8217149878,1,3,2,0,3165.25,3165.25,3160.25
336,6/5/2020 10:00:00 AM,3200.75,3202.25,3189.75,3199,3090.64284366569,15,0,5,0,3165.25,3189,3199
337,6/5/2020 11:00:00 AM,3199,3205,3194.25,3198.25,3092.4214743489,14,1,5,0,0,3189,3199
338,6/5/2020 12:00:00 PM,3198.25,3203.75,3190,3194.5,3094.10872270677,13,2,5,0,0,3189,3199
339,6/5/2020 1:00:00 PM,3194.75,3199,3181,3190,3095.69370249674,12,3,5,0,0,3189,3199
340,6/5/2020 2:00:00 PM,3189.75,3193.25,3185,3185.25,3097.17397187696,11,4,5,0,0,3189,3199
341,6/7/2020 4:00:00 PM,3192.5,3205.5,3187.5,3201.75,3098.90250126743,10,5,5,0,0,3189,3199
342,6/7/2020 5:00:00 PM,3201.75,3211.5,3201,3208.25,3100.70989794069,9,6,5,0,0,3189,3199
343,6/7/2020 6:00:00 PM,3208.5,3208.5,3195.5,3196.75,3102.29733764415,8,7,5,0,0,3189,3199
344,6/7/2020 7:00:00 PM,3196.5,3198,3188,3190.5,3103.7552328897,7,8,5,0,0,3189,3199
345,6/7/2020 8:00:00 PM,3190.75,3196.75,3186.25,3193,3105.23035300723,6,9,5,0,0,3189,3199
346,6/7/2020 9:00:00 PM,3192.75,3197.75,3191.5,3193.75,3106.69348766827,5,10,5,0,0,3189,3199
347,6/7/2020 10:00:00 PM,3193.5,3195.75,3192.25,3195.25,3108.15723167375,4,11,5,0,0,3189,3199
348,6/7/2020 11:00:00 PM,3195.25,3196.25,3190.5,3196.25,3109.61331048906,3,12,5,0,0,3189,3199
349,6/8/2020 12:00:00 AM,3196.25,3196.75,3188,3188.75,3110.92135494379,2,13,5,0,0,3189,3199
350,6/8/2020 1:00:00 AM,3188.75,3192.25,3183.25,3186,3112.16232428356,1,14,5,0,0,3189,3199
351,6/8/2020 2:00:00 AM,3186,3203.25,3185.75,3202.75,3113.65964123755,9,0,1,0,0,3185,3202.75
352,6/8/2020 3:00:00 AM,3202.75,3207,3196.5,3198.5,3115.0619612171,8,1,1,0,0,3185,3202.75
353,6/8/2020 4:00:00 AM,3198.5,3204.75,3195.5,3198.5,3116.441102354,7,2,1,0,0,3185,3202.75
354,6/8/2020 5:00:00 AM,3198.75,3207.75,3198.25,3205.25,3117.90901801757,6,3,1,0,0,3185,3202.75
355,6/8/2020 6:00:00 AM,3205.25,3210.75,3201.75,3206,3119.36506730654,5,4,1,0,0,3185,3202.75
356,6/8/2020 7:00:00 AM,3206,3211,3198.5,3205.25,3120.78465297089,4,5,1,0,0,3185,3202.75
357,6/8/2020 8:00:00 AM,3205.25,3206.5,3193.5,3204.75,3122.17250994658,3,6,1,0,0,3185,3202.75
358,6/8/2020 9:00:00 AM,3204.75,3211,3203.5,3205.75,3123.55395606317,2,7,1,0,0,3185,3202.75
359,6/8/2020 10:00:00 AM,3206,3208.75,3202,3205.75,3124.91256835964,1,8,1,0,0,3185,3202.75
360,6/8/2020 11:00:00 AM,3205.75,3216.5,3204.5,3215,3126.40161681651,5,0,2,0,3217.25,3217.25,3215
361,6/8/2020 12:00:00 PM,3215,3219,3213.5,3218,3127.91563967905,4,1,2,0,3217.25,3217.25,3215
362,6/8/2020 1:00:00 PM,3217.75,3231.25,3214,3230,3129.60298447774,3,2,2,0,3217.25,3217.25,3215
363,6/8/2020 2:00:00 PM,3230,3230.25,3223.5,3226.75,3131.2087202715,2,3,2,0,3217.25,3217.25,3215
364,6/8/2020 4:00:00 PM,3227.75,3228.75,3221.75,3222.5,3132.71766704387,1,4,2,0,3217.25,3217.25,3215
365,6/8/2020 5:00:00 PM,3222.25,3226,3221.5,3223,3134.20993701009,12,0,7,0,3217.25,3220.75,3223
366,6/8/2020 6:00:00 PM,3223,3229,3220,3222.25,3135.66514466281,11,1,7,0,0,3220.75,3223
367,6/8/2020 7:00:00 PM,3222.25,3224.5,3217,3224,3137.12522491632,10,2,7,0,0,3220.75,3223
368,6/8/2020 8:00:00 PM,3224,3226,3219.25,3222.75,3138.54051045489,9,3,7,0,0,3220.75,3223
369,6/8/2020 9:00:00 PM,3222.75,3224.25,3220.25,3222.5,3139.92827061267,8,4,7,0,0,3220.75,3223
370,6/8/2020 10:00:00 PM,3222.5,3224.25,3220,3222,3141.2848281232,7,5,7,0,0,3220.75,3223
371,6/8/2020 11:00:00 PM,3221.75,3229,3221.75,3228.5,3142.72640121207,6,6,7,0,0,3220.75,3223
372,6/9/2020 12:00:00 AM,3228.5,3231,3220.25,3221.25,3144.02431193584,5,7,7,0,0,3220.75,3223
373,6/9/2020 1:00:00 AM,3221.5,3224,3205.25,3208,3145.08176132533,4,8,7,0,0,3220.75,3223
374,6/9/2020 2:00:00 AM,3208,3210.75,3190,3194.5,3145.89859171665,3,9,7,0,0,3220.75,3223
375,6/9/2020 3:00:00 AM,3194.5,3202.5,3192,3194.25,3146.69778854778,2,10,7,0,0,3220.75,3223
376,6/9/2020 4:00:00 AM,3194.5,3200.5,3190.25,3199.25,3147.56642014203,1,11,7,0,0,3220.75,3223
377,6/9/2020 5:00:00 AM,3199.5,3206,3195.75,3202.25,3148.47028096613,8,0,6,0,3206.75,3206.75,3202
378,6/9/2020 6:00:00 AM,3202,3205.75,3194.5,3196.75,3149.26829285099,7,1,6,0,3206.75,3206.75,3202
379,6/9/2020 7:00:00 AM,3196.75,3204.75,3193.75,3195,3150.02418883692,6,2,6,0,3206.75,3206.75,3202
380,6/9/2020 8:00:00 AM,3195,3214,3190.75,3211,3151.03205348424,5,3,6,0,3206.75,3206.75,3202
381,6/9/2020 9:00:00 AM,3211,3214.75,3201.75,3203.5,3151.89929226963,4,4,6,0,3206.75,3206.75,3202
382,6/9/2020 10:00:00 AM,3203.5,3211.75,3199,3211.25,3152.88029570319,3,5,6,0,3206.75,3206.75,3202
383,6/9/2020 11:00:00 AM,3211.25,3219.5,3209.5,3217,3153.94012552628,2,6,6,0,3206.75,3206.75,3202
384,6/9/2020 12:00:00 PM,3217,3218,3206.5,3214.25,3154.9369829556,1,7,6,0,3206.75,3206.75,3202
385,6/9/2020 1:00:00 PM,3214.25,3221,3202.25,3205.75,3155.77686753484,13,0,1,0,3206.75,3201.5,3205.75
386,6/9/2020 2:00:00 PM,3205.75,3211.75,3201.75,3205.25,3156.59460526154,12,1,1,0,0,3201.5,3205.75
387,6/9/2020 4:00:00 PM,3204.75,3212.75,3204.75,3211,3157.49386798449,11,2,1,0,0,3201.5,3205.75
388,6/9/2020 5:00:00 PM,3211.25,3217.25,3207.25,3216,3158.46091148888,10,3,1,0,0,3201.5,3205.75
389,6/9/2020 6:00:00 PM,3216.25,3220.5,3213.25,3220,3159.47808650559,9,4,1,0,0,3201.5,3205.75
390,6/9/2020 7:00:00 PM,3219.75,3225.75,3216.5,3225,3160.56109334021,8,5,1,0,0,3201.5,3205.75
391,6/9/2020 8:00:00 PM,3225,3227.25,3219.75,3223.5,3161.60140584698,7,6,1,0,0,3201.5,3205.75
392,6/9/2020 9:00:00 PM,3223.5,3224.75,3219.25,3222.25,3162.60386194869,6,7,1,0,0,3201.5,3205.75
393,6/9/2020 10:00:00 PM,3222.5,3223,3218.75,3222.25,3163.58974852805,5,8,1,0,0,3201.5,3205.75
394,6/9/2020 11:00:00 PM,3222.25,3225.25,3221,3222.5,3164.56347169287,4,9,1,0,0,3201.5,3205.75
395,6/10/2020 12:00:00 AM,3222.5,3224.75,3212.75,3214.75,3165.39300108638,3,10,1,0,0,3201.5,3205.75
396,6/10/2020 1:00:00 AM,3214.75,3224.5,3213.25,3221.5,3166.32038949817,2,11,1,0,0,3201.5,3205.75
397,6/10/2020 2:00:00 AM,3221.25,3222.5,3211.25,3212.5,3167.08368884531,1,12,1,0,0,3201.5,3205.75
398,6/10/2020 3:00:00 AM,3212.5,3212.5,3198.75,3203.5,3167.68561134374,5,0,2,0,3213.25,3213.25,3203.75
399,6/10/2020 4:00:00 AM,3203.75,3208.75,3193,3206.5,3168.32717148682,4,1,2,0,3213.25,3213.25,3203.75
400,6/10/2020 5:00:00 AM,3206.25,3215.75,3203.5,3214.75,3169.09449096637,3,2,2,0,3213.25,3213.25,3203.75
401,6/10/2020 6:00:00 AM,3214.5,3218.75,3212.75,3217,3169.88631756197,2,3,2,0,3213.25,3213.25,3203.75
402,6/10/2020 7:00:00 AM,3217,3219,3193.5,3200.25,3170.38819661053,1,4,2,0,3213.25,3213.25,3203.75
403,6/10/2020 8:00:00 AM,3200.25,3203.5,3179.75,3184.25,3170.61731732771,7,0,1,0,3213.25,3179,3184.5
404,6/10/2020 9:00:00 AM,3184.5,3199,3183,3194.75,3171.01620464461,6,1,1,0,0,3179,3184.5
405,6/10/2020 10:00:00 AM,3195,3202.5,3191.25,3199.75,3171.49114341082,5,2,1,0,0,3179,3184.5
406,6/10/2020 11:00:00 AM,3199.75,3202.5,3195.25,3196.5,3171.90451294122,4,3,1,0,0,3179,3184.5
407,6/10/2020 12:00:00 PM,3196.5,3221.25,3186.25,3196.5,3172.31104991739,3,4,1,0,0,3179,3184.5
408,6/10/2020 1:00:00 PM,3196.5,3212,3185.5,3187,3172.55384248074,2,5,1,0,0,3179,3184.5
409,6/10/2020 2:00:00 PM,3187.25,3190.25,3180.25,3184,3172.74303516701,1,6,1,0,0,3179,3184.5
410,6/10/2020 4:00:00 PM,3183.75,3188.5,3168,3170.75,3172.71009243698,12,0,4,0,0,3189.25,3170.5
411,6/10/2020 5:00:00 PM,3170.5,3175,3162,3164.75,3172.57852066116,11,1,4,0,0,3189.25,3170.5
412,6/10/2020 6:00:00 PM,3164.75,3177,3163.25,3173.25,3172.58961949321,10,2,4,0,0,3189.25,3170.5
413,6/10/2020 7:00:00 PM,3173.5,3180.75,3171.75,3173.75,3172.6087993363,9,3,4,0,0,3189.25,3170.5
414,6/10/2020 8:00:00 PM,3173.75,3176,3168,3169.5,3172.5574142233,8,4,4,0,0,3189.25,3170.5
415,6/10/2020 9:00:00 PM,3169.5,3170,3153.5,3154.75,3172.26307679812,7,5,4,0,0,3189.25,3170.5
416,6/10/2020 10:00:00 PM,3154.5,3158.75,3148.25,3152.75,3171.94054660311,6,6,4,0,0,3189.25,3170.5
417,6/10/2020 11:00:00 PM,3152.75,3154.5,3138,3141,3171.42913260967,5,7,4,0,0,3189.25,3170.5
418,6/11/2020 12:00:00 AM,3141,3148.25,3137,3141.75,3170.93856843431,4,8,4,0,0,3189.25,3170.5
419,6/11/2020 1:00:00 AM,3141.75,3143,3127.25,3127.75,3170.22470779903,3,9,4,0,0,3189.25,3170.5
420,6/11/2020 2:00:00 AM,3127.75,3136,3120,3124.5,3169.46892750483,2,10,4,0,0,3189.25,3170.5
421,6/11/2020 3:00:00 AM,3124.5,3145.5,3122.5,3143.75,3169.04382126508,1,11,4,0,0,3189.25,3170.5
422,6/11/2020 4:00:00 AM,3143.75,3144.75,3128.25,3130.5,3168.40673331029,5,0,1,3127.5,0,3127.5,3130.5
423,6/11/2020 5:00:00 AM,3130.5,3133.5,3114.25,3121,3167.62315094152,4,1,1,3127.5,0,3127.5,3130.5
424,6/11/2020 6:00:00 AM,3121,3121,3098.25,3105.25,3166.59218976893,3,2,1,3127.5,0,3127.5,3130.5
425,6/11/2020 7:00:00 AM,3105,3118.25,3097,3113.5,3165.71463291325,2,3,1,3127.5,0,3127.5,3130.5
426,6/11/2020 8:00:00 AM,3113.75,3116.75,3086.25,3088,3164.43009352625,1,4,1,3127.5,0,3127.5,3130.5
427,6/11/2020 9:00:00 AM,3087.75,3092.75,3068.25,3076.75,3162.98083578202,6,0,4,3127.5,0,3093.5,3076.75
428,6/11/2020 10:00:00 AM,3076.75,3076.75,3034,3039,3160.93156576909,5,1,4,0,0,3093.5,3076.75
429,6/11/2020 11:00:00 AM,3038.75,3055,3034.25,3043.75,3158.99468038448,4,2,4,0,0,3093.5,3076.75
430,6/11/2020 12:00:00 PM,3043.5,3044.25,3006.5,3014,3156.59807409713,3,3,4,0,0,3093.5,3076.75
431,6/11/2020 1:00:00 PM,3014,3025,2996.25,3003,3154.05926295503,2,4,4,0,0,3093.5,3076.75
432,6/11/2020 2:00:00 PM,3003,3017.75,3000.75,3013.75,3151.74010158388,1,5,4,0,0,3093.5,3076.75
433,6/11/2020 4:00:00 PM,3011.75,3025.75,3003.25,3025,3149.64522387175,7,0,1,3002.5,0,3002.5,3025.25
434,6/11/2020 5:00:00 PM,3025.25,3032.5,3017,3028.25,3147.63869124577,6,1,1,3002.5,0,3002.5,3025.25
435,6/11/2020 6:00:00 PM,3028.5,3034,3017.25,3023.5,3145.58681205162,5,2,1,3002.5,0,3002.5,3025.25
436,6/11/2020 7:00:00 PM,3023,3036.25,3011.75,3036.25,3143.77959201771,4,3,1,3002.5,0,3002.5,3025.25
437,6/11/2020 8:00:00 PM,3036,3045.75,3033.25,3039.25,3142.05183016618,3,4,1,3002.5,0,3002.5,3025.25
438,6/11/2020 9:00:00 PM,3039.25,3047.5,3033.5,3043.75,3140.42700652707,2,5,1,3002.5,0,3002.5,3025.25
439,6/11/2020 10:00:00 PM,3044,3049,3041.25,3046.75,3138.87862625389,1,6,1,3002.5,0,3002.5,3025.25
440,6/11/2020 11:00:00 PM,3046.5,3053.25,3040.25,3052.5,3137.4508803654,2,0,2,3002.5,0,3054,3052.25
441,6/12/2020 12:00:00 AM,3052.25,3054.25,3027.25,3027.25,3135.6293782106,1,1,2,0,0,3054,3052.25
442,6/15/2020 1:00:00 PM,3018.25,3019.5,3005,3005,3133.47021493439,0,2,2,0,0,3020.25,3005
